business_name,category,city,address,phone,source
Business 1,Hospital,Mumbai,Address 1,9000000001,Justdial
Business 2,Restaurant,Mumbai,Address 2,9000000002,Google
Business 3,Hospital,Delhi,Address 3,9000000003,Justdial
Business 4,Restaurant,Mumbai,Address 4,9000000004,Google
Business 5,Hospital,Mumbai,Address 5,9000000005,Justdial
Business 6,Restaurant,Delhi,Address 6,9000000006,Google
Business 7,Hospital,Mumbai,Address 7,9000000007,Justdial
Business 8,Restaurant,Mumbai,Address 8,9000000008,Google
Business 9,Hospital,Delhi,Address 9,9000000009,Justdial
Business 10,Restaurant,Mumbai,Address 10,9000000010,Google
Business 11,Hospital,Mumbai,Address 11,9000000011,Justdial
Business 12,Restaurant,Delhi,Address 12,9000000012,Google
Business 13,Hospital,Mumbai,Address 13,9000000013,Justdial
Business 14,Restaurant,Mumbai,Address 14,9000000014,Google
Business 15,Hospital,Delhi,Address 15,9000000015,Justdial
Business 16,Restaurant,Mumbai,Address 16,9000000016,Google
Business 17,Hospital,Mumbai,Address 17,9000000017,Justdial
Business 18,Restaurant,Delhi,Address 18,9000000018,Google
Business 19,Hospital,Mumbai,Address 19,9000000019,Justdial
Business 20,Restaurant,Mumbai,Address 20,9000000020,Google
Business 21,Hospital,Delhi,Address 21,9000000021,Justdial
Business 22,Restaurant,Mumbai,Address 22,9000000022,Google
Business 23,Hospital,Mumbai,Address 23,9000000023,Justdial
Business 24,Restaurant,Delhi,Address 24,9000000024,Google
Business 25,Hospital,Mumbai,Address 25,9000000025,Justdial
Business 26,Restaurant,Mumbai,Address 26,9000000026,Google
Business 27,Hospital,Delhi,Address 27,9000000027,Justdial
Business 28,Restaurant,Mumbai,Address 28,9000000028,Google
Business 29,Hospital,Mumbai,Address 29,9000000029,Justdial
Business 30,Restaurant,Delhi,Address 30,9000000030,Google
Business 31,Hospital,Mumbai,Address 31,9000000031,Justdial
Business 32,Restaurant,Mumbai,Address 32,9000000032,Google
Business 33,Hospital,Delhi,Address 33,9000000033,Justdial
Business 34,Restaurant,Mumbai,Address 34,9000000034,Google
Business 35,Hospital,Mumbai,Address 35,9000000035,Justdial
Business 36,Restaurant,Delhi,Address 36,9000000036,Google
Business 37,Hospital,Mumbai,Address 37,9000000037,Justdial
Business 38,Restaurant,Mumbai,Address 38,9000000038,Google
Business 39,Hospital,Delhi,Address 39,9000000039,Justdial
Business 40,Restaurant,Mumbai,Address 40,9000000040,Google
Business 41,Hospital,Mumbai,Address 41,9000000041,Justdial
Business 42,Restaurant,Delhi,Address 42,9000000042,Google
Business 43,Hospital,Mumbai,Address 43,9000000043,Justdial
Business 44,Restaurant,Mumbai,Address 44,9000000044,Google
Business 45,Hospital,Delhi,Address 45,9000000045,Justdial
Business 46,Restaurant,Mumbai,Address 46,9000000046,Google
Business 47,Hospital,Mumbai,Address 47,9000000047,Justdial
Business 48,Restaurant,Delhi,Address 48,9000000048,Google
Business 49,Hospital,Mumbai,Address 49,9000000049,Justdial
Business 50,Restaurant,Mumbai,Address 50,9000000050,Google
Business 51,Hospital,Delhi,Address 51,9000000051,Justdial
Business 52,Restaurant,Mumbai,Address 52,9000000052,Google
Business 53,Hospital,Mumbai,Address 53,9000000053,Justdial
Business 54,Restaurant,Delhi,Address 54,9000000054,Google
Business 55,Hospital,Mumbai,Address 55,9000000055,Justdial
Business 56,Restaurant,Mumbai,Address 56,9000000056,Google
Business 57,Hospital,Delhi,Address 57,9000000057,Justdial
Business 58,Restaurant,Mumbai,Address 58,9000000058,Google
Business 59,Hospital,Mumbai,Address 59,9000000059,Justdial
Business 60,Restaurant,Delhi,Address 60,9000000060,Google
Business 61,Hospital,Mumbai,Address 61,9000000061,Justdial
Business 62,Restaurant,Mumbai,Address 62,9000000062,Google
Business 63,Hospital,Delhi,Address 63,9000000063,Justdial
Business 64,Restaurant,Mumbai,Address 64,9000000064,Google
Business 65,Hospital,Mumbai,Address 65,9000000065,Justdial
Business 66,Restaurant,Delhi,Address 66,9000000066,Google
Business 67,Hospital,Mumbai,Address 67,9000000067,Justdial
Business 68,Restaurant,Mumbai,Address 68,9000000068,Google
Business 69,Hospital,Delhi,Address 69,9000000069,Justdial
Business 70,Restaurant,Mumbai,Address 70,9000000070,Google
Business 71,Hospital,Mumbai,Address 71,9000000071,Justdial
Business 72,Restaurant,Delhi,Address 72,9000000072,Google
Business 73,Hospital,Mumbai,Address 73,9000000073,Justdial
Business 74,Restaurant,Mumbai,Address 74,9000000074,Google
Business 75,Hospital,Delhi,Address 75,9000000075,Justdial
Business 76,Restaurant,Mumbai,Address 76,9000000076,Google
Business 77,Hospital,Mumbai,Address 77,9000000077,Justdial
Business 78,Restaurant,Delhi,Address 78,9000000078,Google
Business 79,Hospital,Mumbai,Address 79,9000000079,Justdial
Business 80,Restaurant,Mumbai,Address 80,9000000080,Google
Business 81,Hospital,Delhi,Address 81,9000000081,Justdial
Business 82,Restaurant,Mumbai,Address 82,9000000082,Google
Business 83,Hospital,Mumbai,Address 83,9000000083,Justdial
Business 84,Restaurant,Delhi,Address 84,9000000084,Google
Business 85,Hospital,Mumbai,Address 85,9000000085,Justdial
Business 86,Restaurant,Mumbai,Address 86,9000000086,Google
Business 87,Hospital,Delhi,Address 87,9000000087,Justdial
Business 88,Restaurant,Mumbai,Address 88,9000000088,Google
Business 89,Hospital,Mumbai,Address 89,9000000089,Justdial
Business 90,Restaurant,Delhi,Address 90,9000000090,Google
Business 91,Hospital,Mumbai,Address 91,9000000091,Justdial
Business 92,Restaurant,Mumbai,Address 92,9000000092,Google
Business 93,Hospital,Delhi,Address 93,9000000093,Justdial
Business 94,Restaurant,Mumbai,Address 94,9000000094,Google
Business 95,Hospital,Mumbai,Address 95,9000000095,Justdial
Business 96,Restaurant,Delhi,Address 96,9000000096,Google
Business 97,Hospital,Mumbai,Address 97,9000000097,Justdial
Business 98,Restaurant,Mumbai,Address 98,9000000098,Google
Business 99,Hospital,Delhi,Address 99,9000000099,Justdial
Business 100,Restaurant,Mumbai,Address 100,9000000100,Google
Business 101,Hospital,Mumbai,Address 101,9000000101,Justdial
Business 102,Restaurant,Delhi,Address 102,9000000102,Google
Business 103,Hospital,Mumbai,Address 103,9000000103,Justdial
Business 104,Restaurant,Mumbai,Address 104,9000000104,Google
Business 105,Hospital,Delhi,Address 105,9000000105,Justdial
Business 106,Restaurant,Mumbai,Address 106,9000000106,Google
Business 107,Hospital,Mumbai,Address 107,9000000107,Justdial
Business 108,Restaurant,Delhi,Address 108,9000000108,Google
Business 109,Hospital,Mumbai,Address 109,9000000109,Justdial
Business 110,Restaurant,Mumbai,Address 110,9000000110,Google
Business 111,Hospital,Delhi,Address 111,9000000111,Justdial
Business 112,Restaurant,Mumbai,Address 112,9000000112,Google
Business 113,Hospital,Mumbai,Address 113,9000000113,Justdial
Business 114,Restaurant,Delhi,Address 114,9000000114,Google
Business 115,Hospital,Mumbai,Address 115,9000000115,Justdial
Business 116,Restaurant,Mumbai,Address 116,9000000116,Google
Business 117,Hospital,Delhi,Address 117,9000000117,Justdial
Business 118,Restaurant,Mumbai,Address 118,9000000118,Google
Business 119,Hospital,Mumbai,Address 119,9000000119,Justdial
Business 120,Restaurant,Delhi,Address 120,9000000120,Google
Business 121,Hospital,Mumbai,Address 121,9000000121,Justdial
Business 122,Restaurant,Mumbai,Address 122,9000000122,Google
Business 123,Hospital,Delhi,Address 123,9000000123,Justdial
Business 124,Restaurant,Mumbai,Address 124,9000000124,Google
Business 125,Hospital,Mumbai,Address 125,9000000125,Justdial
Business 126,Restaurant,Delhi,Address 126,9000000126,Google
Business 127,Hospital,Mumbai,Address 127,9000000127,Justdial
Business 128,Restaurant,Mumbai,Address 128,9000000128,Google
Business 129,Hospital,Delhi,Address 129,9000000129,Justdial
Business 130,Restaurant,Mumbai,Address 130,9000000130,Google
Business 131,Hospital,Mumbai,Address 131,9000000131,Justdial
Business 132,Restaurant,Delhi,Address 132,9000000132,Google
Business 133,Hospital,Mumbai,Address 133,9000000133,Justdial
Business 134,Restaurant,Mumbai,Address 134,9000000134,Google
Business 135,Hospital,Delhi,Address 135,9000000135,Justdial
Business 136,Restaurant,Mumbai,Address 136,9000000136,Google
Business 137,Hospital,Mumbai,Address 137,9000000137,Justdial
Business 138,Restaurant,Delhi,Address 138,9000000138,Google
Business 139,Hospital,Mumbai,Address 139,9000000139,Justdial
Business 140,Restaurant,Mumbai,Address 140,9000000140,Google
Business 141,Hospital,Delhi,Address 141,9000000141,Justdial
Business 142,Restaurant,Mumbai,Address 142,9000000142,Google
Business 143,Hospital,Mumbai,Address 143,9000000143,Justdial
Business 144,Restaurant,Delhi,Address 144,9000000144,Google
Business 145,Hospital,Mumbai,Address 145,9000000145,Justdial
Business 146,Restaurant,Mumbai,Address 146,9000000146,Google
Business 147,Hospital,Delhi,Address 147,9000000147,Justdial
Business 148,Restaurant,Mumbai,Address 148,9000000148,Google
Business 149,Hospital,Mumbai,Address 149,9000000149,Justdial
Business 150,Restaurant,Delhi,Address 150,9000000150,Google
Business 151,Hospital,Mumbai,Address 151,9000000151,Justdial
Business 152,Restaurant,Mumbai,Address 152,9000000152,Google
Business 153,Hospital,Delhi,Address 153,9000000153,Justdial
Business 154,Restaurant,Mumbai,Address 154,9000000154,Google
Business 155,Hospital,Mumbai,Address 155,9000000155,Justdial
Business 156,Restaurant,Delhi,Address 156,9000000156,Google
Business 157,Hospital,Mumbai,Address 157,9000000157,Justdial
Business 158,Restaurant,Mumbai,Address 158,9000000158,Google
Business 159,Hospital,Delhi,Address 159,9000000159,Justdial
Business 160,Restaurant,Mumbai,Address 160,9000000160,Google
Business 161,Hospital,Mumbai,Address 161,9000000161,Justdial
Business 162,Restaurant,Delhi,Address 162,9000000162,Google
Business 163,Hospital,Mumbai,Address 163,9000000163,Justdial
Business 164,Restaurant,Mumbai,Address 164,9000000164,Google
Business 165,Hospital,Delhi,Address 165,9000000165,Justdial
Business 166,Restaurant,Mumbai,Address 166,9000000166,Google
Business 167,Hospital,Mumbai,Address 167,9000000167,Justdial
Business 168,Restaurant,Delhi,Address 168,9000000168,Google
Business 169,Hospital,Mumbai,Address 169,9000000169,Justdial
Business 170,Restaurant,Mumbai,Address 170,9000000170,Google
Business 171,Hospital,Delhi,Address 171,9000000171,Justdial
Business 172,Restaurant,Mumbai,Address 172,9000000172,Google
Business 173,Hospital,Mumbai,Address 173,9000000173,Justdial
Business 174,Restaurant,Delhi,Address 174,9000000174,Google
Business 175,Hospital,Mumbai,Address 175,9000000175,Justdial
Business 176,Restaurant,Mumbai,Address 176,9000000176,Google
Business 177,Hospital,Delhi,Address 177,9000000177,Justdial
Business 178,Restaurant,Mumbai,Address 178,9000000178,Google
Business 179,Hospital,Mumbai,Address 179,9000000179,Justdial
Business 180,Restaurant,Delhi,Address 180,9000000180,Google
Business 181,Hospital,Mumbai,Address 181,9000000181,Justdial
Business 182,Restaurant,Mumbai,Address 182,9000000182,Google
Business 183,Hospital,Delhi,Address 183,9000000183,Justdial
Business 184,Restaurant,Mumbai,Address 184,9000000184,Google
Business 185,Hospital,Mumbai,Address 185,9000000185,Justdial
Business 186,Restaurant,Delhi,Address 186,9000000186,Google
Business 187,Hospital,Mumbai,Address 187,9000000187,Justdial
Business 188,Restaurant,Mumbai,Address 188,9000000188,Google
Business 189,Hospital,Delhi,Address 189,9000000189,Justdial
Business 190,Restaurant,Mumbai,Address 190,9000000190,Google
Business 191,Hospital,Mumbai,Address 191,9000000191,Justdial
Business 192,Restaurant,Delhi,Address 192,9000000192,Google
Business 193,Hospital,Mumbai,Address 193,9000000193,Justdial
Business 194,Restaurant,Mumbai,Address 194,9000000194,Google
Business 195,Hospital,Delhi,Address 195,9000000195,Justdial
Business 196,Restaurant,Mumbai,Address 196,9000000196,Google
Business 197,Hospital,Mumbai,Address 197,9000000197,Justdial
Business 198,Restaurant,Delhi,Address 198,9000000198,Google
Business 199,Hospital,Mumbai,Address 199,9000000199,Justdial
Business 200,Restaurant,Mumbai,Address 200,9000000200,Google
Business 201,Hospital,Delhi,Address 201,9000000201,Justdial
Business 202,Restaurant,Mumbai,Address 202,9000000202,Google
Business 203,Hospital,Mumbai,Address 203,9000000203,Justdial
Business 204,Restaurant,Delhi,Address 204,9000000204,Google
Business 205,Hospital,Mumbai,Address 205,9000000205,Justdial
Business 206,Restaurant,Mumbai,Address 206,9000000206,Google
Business 207,Hospital,Delhi,Address 207,9000000207,Justdial
Business 208,Restaurant,Mumbai,Address 208,9000000208,Google
Business 209,Hospital,Mumbai,Address 209,9000000209,Justdial
Business 210,Restaurant,Delhi,Address 210,9000000210,Google
Business 211,Hospital,Mumbai,Address 211,9000000211,Justdial
Business 212,Restaurant,Mumbai,Address 212,9000000212,Google
Business 213,Hospital,Delhi,Address 213,9000000213,Justdial
Business 214,Restaurant,Mumbai,Address 214,9000000214,Google
Business 215,Hospital,Mumbai,Address 215,9000000215,Justdial
Business 216,Restaurant,Delhi,Address 216,9000000216,Google
Business 217,Hospital,Mumbai,Address 217,9000000217,Justdial
Business 218,Restaurant,Mumbai,Address 218,9000000218,Google
Business 219,Hospital,Delhi,Address 219,9000000219,Justdial
Business 220,Restaurant,Mumbai,Address 220,9000000220,Google
Business 221,Hospital,Mumbai,Address 221,9000000221,Justdial
Business 222,Restaurant,Delhi,Address 222,9000000222,Google
Business 223,Hospital,Mumbai,Address 223,9000000223,Justdial
Business 224,Restaurant,Mumbai,Address 224,9000000224,Google
Business 225,Hospital,Delhi,Address 225,9000000225,Justdial
Business 226,Restaurant,Mumbai,Address 226,9000000226,Google
Business 227,Hospital,Mumbai,Address 227,9000000227,Justdial
Business 228,Restaurant,Delhi,Address 228,9000000228,Google
Business 229,Hospital,Mumbai,Address 229,9000000229,Justdial
Business 230,Restaurant,Mumbai,Address 230,9000000230,Google
Business 231,Hospital,Delhi,Address 231,9000000231,Justdial
Business 232,Restaurant,Mumbai,Address 232,9000000232,Google
Business 233,Hospital,Mumbai,Address 233,9000000233,Justdial
Business 234,Restaurant,Delhi,Address 234,9000000234,Google
Business 235,Hospital,Mumbai,Address 235,9000000235,Justdial
Business 236,Restaurant,Mumbai,Address 236,9000000236,Google
Business 237,Hospital,Delhi,Address 237,9000000237,Justdial
Business 238,Restaurant,Mumbai,Address 238,9000000238,Google
Business 239,Hospital,Mumbai,Address 239,9000000239,Justdial
Business 240,Restaurant,Delhi,Address 240,9000000240,Google
Business 241,Hospital,Mumbai,Address 241,9000000241,Justdial
Business 242,Restaurant,Mumbai,Address 242,9000000242,Google
Business 243,Hospital,Delhi,Address 243,9000000243,Justdial
Business 244,Restaurant,Mumbai,Address 244,9000000244,Google
Business 245,Hospital,Mumbai,Address 245,9000000245,Justdial
Business 246,Restaurant,Delhi,Address 246,9000000246,Google
Business 247,Hospital,Mumbai,Address 247,9000000247,Justdial
Business 248,Restaurant,Mumbai,Address 248,9000000248,Google
Business 249,Hospital,Delhi,Address 249,9000000249,Justdial
Business 250,Restaurant,Mumbai,Address 250,9000000250,Google
Business 251,Hospital,Mumbai,Address 251,9000000251,Justdial
Business 252,Restaurant,Delhi,Address 252,9000000252,Google
Business 253,Hospital,Mumbai,Address 253,9000000253,Justdial
Business 254,Restaurant,Mumbai,Address 254,9000000254,Google
Business 255,Hospital,Delhi,Address 255,9000000255,Justdial
Business 256,Restaurant,Mumbai,Address 256,9000000256,Google
Business 257,Hospital,Mumbai,Address 257,9000000257,Justdial
Business 258,Restaurant,Delhi,Address 258,9000000258,Google
Business 259,Hospital,Mumbai,Address 259,9000000259,Justdial
Business 260,Restaurant,Mumbai,Address 260,9000000260,Google
Business 261,Hospital,Delhi,Address 261,9000000261,Justdial
Business 262,Restaurant,Mumbai,Address 262,9000000262,Google
Business 263,Hospital,Mumbai,Address 263,9000000263,Justdial
Business 264,Restaurant,Delhi,Address 264,9000000264,Google
Business 265,Hospital,Mumbai,Address 265,9000000265,Justdial
Business 266,Restaurant,Mumbai,Address 266,9000000266,Google
Business 267,Hospital,Delhi,Address 267,9000000267,Justdial
Business 268,Restaurant,Mumbai,Address 268,9000000268,Google
Business 269,Hospital,Mumbai,Address 269,9000000269,Justdial
Business 270,Restaurant,Delhi,Address 270,9000000270,Google
Business 271,Hospital,Mumbai,Address 271,9000000271,Justdial
Business 272,Restaurant,Mumbai,Address 272,9000000272,Google
Business 273,Hospital,Delhi,Address 273,9000000273,Justdial
Business 274,Restaurant,Mumbai,Address 274,9000000274,Google
Business 275,Hospital,Mumbai,Address 275,9000000275,Justdial
Business 276,Restaurant,Delhi,Address 276,9000000276,Google
Business 277,Hospital,Mumbai,Address 277,9000000277,Justdial
Business 278,Restaurant,Mumbai,Address 278,9000000278,Google
Business 279,Hospital,Delhi,Address 279,9000000279,Justdial
Business 280,Restaurant,Mumbai,Address 280,9000000280,Google
Business 281,Hospital,Mumbai,Address 281,9000000281,Justdial
Business 282,Restaurant,Delhi,Address 282,9000000282,Google
Business 283,Hospital,Mumbai,Address 283,9000000283,Justdial
Business 284,Restaurant,Mumbai,Address 284,9000000284,Google
Business 285,Hospital,Delhi,Address 285,9000000285,Justdial
Business 286,Restaurant,Mumbai,Address 286,9000000286,Google
Business 287,Hospital,Mumbai,Address 287,9000000287,Justdial
Business 288,Restaurant,Delhi,Address 288,9000000288,Google
Business 289,Hospital,Mumbai,Address 289,9000000289,Justdial
Business 290,Restaurant,Mumbai,Address 290,9000000290,Google
Business 291,Hospital,Delhi,Address 291,9000000291,Justdial
Business 292,Restaurant,Mumbai,Address 292,9000000292,Google
Business 293,Hospital,Mumbai,Address 293,9000000293,Justdial
Business 294,Restaurant,Delhi,Address 294,9000000294,Google
Business 295,Hospital,Mumbai,Address 295,9000000295,Justdial
Business 296,Restaurant,Mumbai,Address 296,9000000296,Google
Business 297,Hospital,Delhi,Address 297,9000000297,Justdial
Business 298,Restaurant,Mumbai,Address 298,9000000298,Google
Business 299,Hospital,Mumbai,Address 299,9000000299,Justdial
Business 300,Restaurant,Delhi,Address 300,9000000300,Google
Business 301,Hospital,Mumbai,Address 301,9000000301,Justdial
Business 302,Restaurant,Mumbai,Address 302,9000000302,Google
Business 303,Hospital,Delhi,Address 303,9000000303,Justdial
Business 304,Restaurant,Mumbai,Address 304,9000000304,Google
Business 305,Hospital,Mumbai,Address 305,9000000305,Justdial
Business 306,Restaurant,Delhi,Address 306,9000000306,Google
Business 307,Hospital,Mumbai,Address 307,9000000307,Justdial
Business 308,Restaurant,Mumbai,Address 308,9000000308,Google
Business 309,Hospital,Delhi,Address 309,9000000309,Justdial
Business 310,Restaurant,Mumbai,Address 310,9000000310,Google
Business 311,Hospital,Mumbai,Address 311,9000000311,Justdial
Business 312,Restaurant,Delhi,Address 312,9000000312,Google
Business 313,Hospital,Mumbai,Address 313,9000000313,Justdial
Business 314,Restaurant,Mumbai,Address 314,9000000314,Google
Business 315,Hospital,Delhi,Address 315,9000000315,Justdial
Business 316,Restaurant,Mumbai,Address 316,9000000316,Google
Business 317,Hospital,Mumbai,Address 317,9000000317,Justdial
Business 318,Restaurant,Delhi,Address 318,9000000318,Google
Business 319,Hospital,Mumbai,Address 319,9000000319,Justdial
Business 320,Restaurant,Mumbai,Address 320,9000000320,Google
Business 321,Hospital,Delhi,Address 321,9000000321,Justdial
Business 322,Restaurant,Mumbai,Address 322,9000000322,Google
Business 323,Hospital,Mumbai,Address 323,9000000323,Justdial
Business 324,Restaurant,Delhi,Address 324,9000000324,Google
Business 325,Hospital,Mumbai,Address 325,9000000325,Justdial
Business 326,Restaurant,Mumbai,Address 326,9000000326,Google
Business 327,Hospital,Delhi,Address 327,9000000327,Justdial
Business 328,Restaurant,Mumbai,Address 328,9000000328,Google
Business 329,Hospital,Mumbai,Address 329,9000000329,Justdial
Business 330,Restaurant,Delhi,Address 330,9000000330,Google
Business 331,Hospital,Mumbai,Address 331,9000000331,Justdial
Business 332,Restaurant,Mumbai,Address 332,9000000332,Google
Business 333,Hospital,Delhi,Address 333,9000000333,Justdial
Business 334,Restaurant,Mumbai,Address 334,9000000334,Google
Business 335,Hospital,Mumbai,Address 335,9000000335,Justdial
Business 336,Restaurant,Delhi,Address 336,9000000336,Google
Business 337,Hospital,Mumbai,Address 337,9000000337,Justdial
Business 338,Restaurant,Mumbai,Address 338,9000000338,Google
Business 339,Hospital,Delhi,Address 339,9000000339,Justdial
Business 340,Restaurant,Mumbai,Address 340,9000000340,Google
Business 341,Hospital,Mumbai,Address 341,9000000341,Justdial
Business 342,Restaurant,Delhi,Address 342,9000000342,Google
Business 343,Hospital,Mumbai,Address 343,9000000343,Justdial
Business 344,Restaurant,Mumbai,Address 344,9000000344,Google
Business 345,Hospital,Delhi,Address 345,9000000345,Justdial
Business 346,Restaurant,Mumbai,Address 346,9000000346,Google
Business 347,Hospital,Mumbai,Address 347,9000000347,Justdial
Business 348,Restaurant,Delhi,Address 348,9000000348,Google
Business 349,Hospital,Mumbai,Address 349,9000000349,Justdial
Business 350,Restaurant,Mumbai,Address 350,9000000350,Google
Business 351,Hospital,Delhi,Address 351,9000000351,Justdial
Business 352,Restaurant,Mumbai,Address 352,9000000352,Google
Business 353,Hospital,Mumbai,Address 353,9000000353,Justdial
Business 354,Restaurant,Delhi,Address 354,9000000354,Google
Business 355,Hospital,Mumbai,Address 355,9000000355,Justdial
Business 356,Restaurant,Mumbai,Address 356,9000000356,Google
Business 357,Hospital,Delhi,Address 357,9000000357,Justdial
Business 358,Restaurant,Mumbai,Address 358,9000000358,Google
Business 359,Hospital,Mumbai,Address 359,9000000359,Justdial
Business 360,Restaurant,Delhi,Address 360,9000000360,Google
Business 361,Hospital,Mumbai,Address 361,9000000361,Justdial
Business 362,Restaurant,Mumbai,Address 362,9000000362,Google
Business 363,Hospital,Delhi,Address 363,9000000363,Justdial
Business 364,Restaurant,Mumbai,Address 364,9000000364,Google
Business 365,Hospital,Mumbai,Address 365,9000000365,Justdial
Business 366,Restaurant,Delhi,Address 366,9000000366,Google
Business 367,Hospital,Mumbai,Address 367,9000000367,Justdial
Business 368,Restaurant,Mumbai,Address 368,9000000368,Google
Business 369,Hospital,Delhi,Address 369,9000000369,Justdial
Business 370,Restaurant,Mumbai,Address 370,9000000370,Google
Business 371,Hospital,Mumbai,Address 371,9000000371,Justdial
Business 372,Restaurant,Delhi,Address 372,9000000372,Google
Business 373,Hospital,Mumbai,Address 373,9000000373,Justdial
Business 374,Restaurant,Mumbai,Address 374,9000000374,Google
Business 375,Hospital,Delhi,Address 375,9000000375,Justdial
Business 376,Restaurant,Mumbai,Address 376,9000000376,Google
Business 377,Hospital,Mumbai,Address 377,9000000377,Justdial
Business 378,Restaurant,Delhi,Address 378,9000000378,Google
Business 379,Hospital,Mumbai,Address 379,9000000379,Justdial
Business 380,Restaurant,Mumbai,Address 380,9000000380,Google
Business 381,Hospital,Delhi,Address 381,9000000381,Justdial
Business 382,Restaurant,Mumbai,Address 382,9000000382,Google
Business 383,Hospital,Mumbai,Address 383,9000000383,Justdial
Business 384,Restaurant,Delhi,Address 384,9000000384,Google
Business 385,Hospital,Mumbai,Address 385,9000000385,Justdial
Business 386,Restaurant,Mumbai,Address 386,9000000386,Google
Business 387,Hospital,Delhi,Address 387,9000000387,Justdial
Business 388,Restaurant,Mumbai,Address 388,9000000388,Google
Business 389,Hospital,Mumbai,Address 389,9000000389,Justdial
Business 390,Restaurant,Delhi,Address 390,9000000390,Google
Business 391,Hospital,Mumbai,Address 391,9000000391,Justdial
Business 392,Restaurant,Mumbai,Address 392,9000000392,Google
Business 393,Hospital,Delhi,Address 393,9000000393,Justdial
Business 394,Restaurant,Mumbai,Address 394,9000000394,Google
Business 395,Hospital,Mumbai,Address 395,9000000395,Justdial
Business 396,Restaurant,Delhi,Address 396,9000000396,Google
Business 397,Hospital,Mumbai,Address 397,9000000397,Justdial
Business 398,Restaurant,Mumbai,Address 398,9000000398,Google
Business 399,Hospital,Delhi,Address 399,9000000399,Justdial
Business 400,Restaurant,Mumbai,Address 400,9000000400,Google
Business 401,Hospital,Mumbai,Address 401,9000000401,Justdial
Business 402,Restaurant,Delhi,Address 402,9000000402,Google
Business 403,Hospital,Mumbai,Address 403,9000000403,Justdial
Business 404,Restaurant,Mumbai,Address 404,9000000404,Google
Business 405,Hospital,Delhi,Address 405,9000000405,Justdial
Business 406,Restaurant,Mumbai,Address 406,9000000406,Google
Business 407,Hospital,Mumbai,Address 407,9000000407,Justdial
Business 408,Restaurant,Delhi,Address 408,9000000408,Google
Business 409,Hospital,Mumbai,Address 409,9000000409,Justdial
Business 410,Restaurant,Mumbai,Address 410,9000000410,Google
Business 411,Hospital,Delhi,Address 411,9000000411,Justdial
Business 412,Restaurant,Mumbai,Address 412,9000000412,Google
Business 413,Hospital,Mumbai,Address 413,9000000413,Justdial
Business 414,Restaurant,Delhi,Address 414,9000000414,Google
Business 415,Hospital,Mumbai,Address 415,9000000415,Justdial
Business 416,Restaurant,Mumbai,Address 416,9000000416,Google
Business 417,Hospital,Delhi,Address 417,9000000417,Justdial
Business 418,Restaurant,Mumbai,Address 418,9000000418,Google
Business 419,Hospital,Mumbai,Address 419,9000000419,Justdial
Business 420,Restaurant,Delhi,Address 420,9000000420,Google
Business 421,Hospital,Mumbai,Address 421,9000000421,Justdial
Business 422,Restaurant,Mumbai,Address 422,9000000422,Google
Business 423,Hospital,Delhi,Address 423,9000000423,Justdial
Business 424,Restaurant,Mumbai,Address 424,9000000424,Google
Business 425,Hospital,Mumbai,Address 425,9000000425,Justdial
Business 426,Restaurant,Delhi,Address 426,9000000426,Google
Business 427,Hospital,Mumbai,Address 427,9000000427,Justdial
Business 428,Restaurant,Mumbai,Address 428,9000000428,Google
Business 429,Hospital,Delhi,Address 429,9000000429,Justdial
Business 430,Restaurant,Mumbai,Address 430,9000000430,Google
Business 431,Hospital,Mumbai,Address 431,9000000431,Justdial
Business 432,Restaurant,Delhi,Address 432,9000000432,Google
Business 433,Hospital,Mumbai,Address 433,9000000433,Justdial
Business 434,Restaurant,Mumbai,Address 434,9000000434,Google
Business 435,Hospital,Delhi,Address 435,9000000435,Justdial
Business 436,Restaurant,Mumbai,Address 436,9000000436,Google
Business 437,Hospital,Mumbai,Address 437,9000000437,Justdial
Business 438,Restaurant,Delhi,Address 438,9000000438,Google
Business 439,Hospital,Mumbai,Address 439,9000000439,Justdial
Business 440,Restaurant,Mumbai,Address 440,9000000440,Google
Business 441,Hospital,Delhi,Address 441,9000000441,Justdial
Business 442,Restaurant,Mumbai,Address 442,9000000442,Google
Business 443,Hospital,Mumbai,Address 443,9000000443,Justdial
Business 444,Restaurant,Delhi,Address 444,9000000444,Google
Business 445,Hospital,Mumbai,Address 445,9000000445,Justdial
Business 446,Restaurant,Mumbai,Address 446,9000000446,Google
Business 447,Hospital,Delhi,Address 447,9000000447,Justdial
Business 448,Restaurant,Mumbai,Address 448,9000000448,Google
Business 449,Hospital,Mumbai,Address 449,9000000449,Justdial
Business 450,Restaurant,Delhi,Address 450,9000000450,Google
Business 451,Hospital,Mumbai,Address 451,9000000451,Justdial
Business 452,Restaurant,Mumbai,Address 452,9000000452,Google
Business 453,Hospital,Delhi,Address 453,9000000453,Justdial
Business 454,Restaurant,Mumbai,Address 454,9000000454,Google
Business 455,Hospital,Mumbai,Address 455,9000000455,Justdial
Business 456,Restaurant,Delhi,Address 456,9000000456,Google
Business 457,Hospital,Mumbai,Address 457,9000000457,Justdial
Business 458,Restaurant,Mumbai,Address 458,9000000458,Google
Business 459,Hospital,Delhi,Address 459,9000000459,Justdial
Business 460,Restaurant,Mumbai,Address 460,9000000460,Google
Business 461,Hospital,Mumbai,Address 461,9000000461,Justdial
Business 462,Restaurant,Delhi,Address 462,9000000462,Google
Business 463,Hospital,Mumbai,Address 463,9000000463,Justdial
Business 464,Restaurant,Mumbai,Address 464,9000000464,Google
Business 465,Hospital,Delhi,Address 465,9000000465,Justdial
Business 466,Restaurant,Mumbai,Address 466,9000000466,Google
Business 467,Hospital,Mumbai,Address 467,9000000467,Justdial
Business 468,Restaurant,Delhi,Address 468,9000000468,Google
Business 469,Hospital,Mumbai,Address 469,9000000469,Justdial
Business 470,Restaurant,Mumbai,Address 470,9000000470,Google
Business 471,Hospital,Delhi,Address 471,9000000471,Justdial
Business 472,Restaurant,Mumbai,Address 472,9000000472,Google
Business 473,Hospital,Mumbai,Address 473,9000000473,Justdial
Business 474,Restaurant,Delhi,Address 474,9000000474,Google
Business 475,Hospital,Mumbai,Address 475,9000000475,Justdial
Business 476,Restaurant,Mumbai,Address 476,9000000476,Google
Business 477,Hospital,Delhi,Address 477,9000000477,Justdial
Business 478,Restaurant,Mumbai,Address 478,9000000478,Google
Business 479,Hospital,Mumbai,Address 479,9000000479,Justdial
Business 480,Restaurant,Delhi,Address 480,9000000480,Google
Business 481,Hospital,Mumbai,Address 481,9000000481,Justdial
Business 482,Restaurant,Mumbai,Address 482,9000000482,Google
Business 483,Hospital,Delhi,Address 483,9000000483,Justdial
Business 484,Restaurant,Mumbai,Address 484,9000000484,Google
Business 485,Hospital,Mumbai,Address 485,9000000485,Justdial
Business 486,Restaurant,Delhi,Address 486,9000000486,Google
Business 487,Hospital,Mumbai,Address 487,9000000487,Justdial
Business 488,Restaurant,Mumbai,Address 488,9000000488,Google
Business 489,Hospital,Delhi,Address 489,9000000489,Justdial
Business 490,Restaurant,Mumbai,Address 490,9000000490,Google
Business 491,Hospital,Mumbai,Address 491,9000000491,Justdial
Business 492,Restaurant,Delhi,Address 492,9000000492,Google
Business 493,Hospital,Mumbai,Address 493,9000000493,Justdial
Business 494,Restaurant,Mumbai,Address 494,9000000494,Google
Business 495,Hospital,Delhi,Address 495,9000000495,Justdial
Business 496,Restaurant,Mumbai,Address 496,9000000496,Google
Business 497,Hospital,Mumbai,Address 497,9000000497,Justdial
Business 498,Restaurant,Delhi,Address 498,9000000498,Google
Business 499,Hospital,Mumbai,Address 499,9000000499,Justdial
Business 500,Restaurant,Mumbai,Address 500,9000000500,Google
